{"type":"Topology","transform":{"scale":[0.00001,0.000009999999999999999],"translate":[-63.15345,-21.38922]},"objects":{"NUTS":{"type":null}},"arcs":[]}