{"type":"Topology","transform":{"scale":[0.00001,0.000009999999999999999],"translate":[-63.09557,-21.387310000000003]},"objects":{"NUTS":{"type":null}},"arcs":[]}